<?xml version="1.0" encoding="UTF-8"?>
<project-private xmlns="http://www.netbeans.org/ns/project-private/1">
    <editor-bookmarks xmlns="http://www.netbeans.org/ns/editor-bookmarks/2" lastBookmarkId="0"/>
    <open-files xmlns="http://www.netbeans.org/ns/projectui-open-files/2">
        <group>
            <file>file:/C:/Users/User/Documents/NetBeansProjects/FVapps/src/FV/i_png_umum.java</file>
            <file>file:/C:/Users/User/Documents/NetBeansProjects/FVapps/src/FV/d_transaksi_futsal.java</file>
            <file>file:/C:/Users/User/Documents/NetBeansProjects/FVapps/src/FV/i_pembelian.java</file>
            <file>file:/C:/Users/User/Documents/NetBeansProjects/FVapps/src/FV/d_login.java</file>
            <file>file:/C:/Users/User/Documents/NetBeansProjects/FVapps/src/FV/d_keuangan.java</file>
            <file>file:/C:/Users/User/Documents/NetBeansProjects/FVapps/src/FV/d_transaksi_admin.java</file>
            <file>file:/C:/Users/User/Documents/NetBeansProjects/FVapps/src/FV/f_futsal.java</file>
            <file>file:/C:/Users/User/Documents/NetBeansProjects/FVapps/src/FV/f_main.java</file>
            <file>file:/C:/Users/User/Documents/NetBeansProjects/FVapps/src/FV/d_laporan.java</file>
            <file>file:/C:/Users/User/Documents/NetBeansProjects/FVapps/src/FV/i_pembayaran.java</file>
            <file>file:/C:/Users/User/Documents/NetBeansProjects/FVapps/src/FV/d_konfirmasi.java</file>
            <file>file:/C:/Users/User/Documents/NetBeansProjects/FVapps/src/FV/d_booking.java</file>
            <file>file:/C:/Users/User/Documents/NetBeansProjects/FVapps/src/FV/i_png_user.java</file>
        </group>
    </open-files>
</project-private>
